{
  "calibrated": true,
  "neutral_pitch": 2.048814445693167,
  "neutral_yaw": -0.12502711943174014,
  "timestamp": 1774784698.4880357
}