{
  "calibrated": true,
  "neutral_pitch": 2.048814445693167,
  "neutral_yaw": -0.12502711943174014,
<<<<<<< Updated upstream
  "timestamp": 1774784698.4880357
=======
  "timestamp": 1774852436.1445386
>>>>>>> Stashed changes
}